structure_id,doping_run_id,gate_width,oxide_thickness,bulk_doping,source_doping,drain_doping,status,return_code,elapsed_sec,ivpoint_count,idvd_csv,idvg_csv,idvd_points,idvg_points,stdout_log,stderr_log,work_dir,final_dat
L200T10,B1e16SD1e19,2.0e-5,1.0e-6,1.0e16,1.0e19,1.0e19,ok,0,116.665,303,C:\Users\T590\devsim_project\inverse-device-modeling\tcad\para_sweep\dataset\L200T10B1e16SD1e19_IdVd.csv,C:\Users\T590\devsim_project\inverse-device-modeling\tcad\para_sweep\dataset\L200T10B1e16SD1e19_IdVg.csv,101,202,C:\Users\T590\devsim_project\inverse-device-modeling\tcad\para_sweep\runs\L200T10\logs\B1e16SD1e19.stdout.log,C:\Users\T590\devsim_project\inverse-device-modeling\tcad\para_sweep\runs\L200T10\logs\B1e16SD1e19.stderr.log,C:\Users\T590\devsim_project\inverse-device-modeling\tcad\para_sweep\runs\_tmp_work\L200T10\B1e16SD1e19,C:\Users\T590\devsim_project\inverse-device-modeling\tcad\para_sweep\dataset\final_fields\L200T10B1e16SD1e19_final.dat
L200T10,B1e16SD5e19,2.0e-5,1.0e-6,1.0e16,5.0e19,5.0e19,ok,0,132.934,303,C:\Users\T590\devsim_project\inverse-device-modeling\tcad\para_sweep\dataset\L200T10B1e16SD5e19_IdVd.csv,C:\Users\T590\devsim_project\inverse-device-modeling\tcad\para_sweep\dataset\L200T10B1e16SD5e19_IdVg.csv,101,202,C:\Users\T590\devsim_project\inverse-device-modeling\tcad\para_sweep\runs\L200T10\logs\B1e16SD5e19.stdout.log,C:\Users\T590\devsim_project\inverse-device-modeling\tcad\para_sweep\runs\L200T10\logs\B1e16SD5e19.stderr.log,C:\Users\T590\devsim_project\inverse-device-modeling\tcad\para_sweep\runs\_tmp_work\L200T10\B1e16SD5e19,C:\Users\T590\devsim_project\inverse-device-modeling\tcad\para_sweep\dataset\final_fields\L200T10B1e16SD5e19_final.dat
L200T10,B1e16SD1e20,2.0e-5,1.0e-6,1.0e16,1.0e20,1.0e20,ok,0,125.231,303,C:\Users\T590\devsim_project\inverse-device-modeling\tcad\para_sweep\dataset\L200T10B1e16SD1e20_IdVd.csv,C:\Users\T590\devsim_project\inverse-device-modeling\tcad\para_sweep\dataset\L200T10B1e16SD1e20_IdVg.csv,101,202,C:\Users\T590\devsim_project\inverse-device-modeling\tcad\para_sweep\runs\L200T10\logs\B1e16SD1e20.stdout.log,C:\Users\T590\devsim_project\inverse-device-modeling\tcad\para_sweep\runs\L200T10\logs\B1e16SD1e20.stderr.log,C:\Users\T590\devsim_project\inverse-device-modeling\tcad\para_sweep\runs\_tmp_work\L200T10\B1e16SD1e20,C:\Users\T590\devsim_project\inverse-device-modeling\tcad\para_sweep\dataset\final_fields\L200T10B1e16SD1e20_final.dat
L200T10,B5e16SD1e19,2.0e-5,1.0e-6,5.0e16,1.0e19,1.0e19,failed,1,37.222,101,C:\Users\T590\devsim_project\inverse-device-modeling\tcad\para_sweep\dataset\L200T10B5e16SD1e19_IdVd.csv,C:\Users\T590\devsim_project\inverse-device-modeling\tcad\para_sweep\dataset\L200T10B5e16SD1e19_IdVg.csv,101,0,C:\Users\T590\devsim_project\inverse-device-modeling\tcad\para_sweep\runs\L200T10\logs\B5e16SD1e19.stdout.log,C:\Users\T590\devsim_project\inverse-device-modeling\tcad\para_sweep\runs\L200T10\logs\B5e16SD1e19.stderr.log,C:\Users\T590\devsim_project\inverse-device-modeling\tcad\para_sweep\runs\_tmp_work\L200T10\B5e16SD1e19,.
L200T10,B5e16SD5e19,2.0e-5,1.0e-6,5.0e16,5.0e19,5.0e19,failed,1,37.193,101,C:\Users\T590\devsim_project\inverse-device-modeling\tcad\para_sweep\dataset\L200T10B5e16SD5e19_IdVd.csv,C:\Users\T590\devsim_project\inverse-device-modeling\tcad\para_sweep\dataset\L200T10B5e16SD5e19_IdVg.csv,101,0,C:\Users\T590\devsim_project\inverse-device-modeling\tcad\para_sweep\runs\L200T10\logs\B5e16SD5e19.stdout.log,C:\Users\T590\devsim_project\inverse-device-modeling\tcad\para_sweep\runs\L200T10\logs\B5e16SD5e19.stderr.log,C:\Users\T590\devsim_project\inverse-device-modeling\tcad\para_sweep\runs\_tmp_work\L200T10\B5e16SD5e19,.
L200T10,B5e16SD1e20,2.0e-5,1.0e-6,5.0e16,1.0e20,1.0e20,failed,1,37.581,101,C:\Users\T590\devsim_project\inverse-device-modeling\tcad\para_sweep\dataset\L200T10B5e16SD1e20_IdVd.csv,C:\Users\T590\devsim_project\inverse-device-modeling\tcad\para_sweep\dataset\L200T10B5e16SD1e20_IdVg.csv,101,0,C:\Users\T590\devsim_project\inverse-device-modeling\tcad\para_sweep\runs\L200T10\logs\B5e16SD1e20.stdout.log,C:\Users\T590\devsim_project\inverse-device-modeling\tcad\para_sweep\runs\L200T10\logs\B5e16SD1e20.stderr.log,C:\Users\T590\devsim_project\inverse-device-modeling\tcad\para_sweep\runs\_tmp_work\L200T10\B5e16SD1e20,.
L200T10,B1e17SD1e19,2.0e-5,1.0e-6,1.0e17,1.0e19,1.0e19,failed,1,37.841,101,C:\Users\T590\devsim_project\inverse-device-modeling\tcad\para_sweep\dataset\L200T10B1e17SD1e19_IdVd.csv,C:\Users\T590\devsim_project\inverse-device-modeling\tcad\para_sweep\dataset\L200T10B1e17SD1e19_IdVg.csv,101,0,C:\Users\T590\devsim_project\inverse-device-modeling\tcad\para_sweep\runs\L200T10\logs\B1e17SD1e19.stdout.log,C:\Users\T590\devsim_project\inverse-device-modeling\tcad\para_sweep\runs\L200T10\logs\B1e17SD1e19.stderr.log,C:\Users\T590\devsim_project\inverse-device-modeling\tcad\para_sweep\runs\_tmp_work\L200T10\B1e17SD1e19,.
L200T10,B1e17SD5e19,2.0e-5,1.0e-6,1.0e17,5.0e19,5.0e19,failed,1,39.680,101,C:\Users\T590\devsim_project\inverse-device-modeling\tcad\para_sweep\dataset\L200T10B1e17SD5e19_IdVd.csv,C:\Users\T590\devsim_project\inverse-device-modeling\tcad\para_sweep\dataset\L200T10B1e17SD5e19_IdVg.csv,101,0,C:\Users\T590\devsim_project\inverse-device-modeling\tcad\para_sweep\runs\L200T10\logs\B1e17SD5e19.stdout.log,C:\Users\T590\devsim_project\inverse-device-modeling\tcad\para_sweep\runs\L200T10\logs\B1e17SD5e19.stderr.log,C:\Users\T590\devsim_project\inverse-device-modeling\tcad\para_sweep\runs\_tmp_work\L200T10\B1e17SD5e19,.
L200T10,B1e17SD1e20,2.0e-5,1.0e-6,1.0e17,1.0e20,1.0e20,failed,1,37.377,101,C:\Users\T590\devsim_project\inverse-device-modeling\tcad\para_sweep\dataset\L200T10B1e17SD1e20_IdVd.csv,C:\Users\T590\devsim_project\inverse-device-modeling\tcad\para_sweep\dataset\L200T10B1e17SD1e20_IdVg.csv,101,0,C:\Users\T590\devsim_project\inverse-device-modeling\tcad\para_sweep\runs\L200T10\logs\B1e17SD1e20.stdout.log,C:\Users\T590\devsim_project\inverse-device-modeling\tcad\para_sweep\runs\L200T10\logs\B1e17SD1e20.stderr.log,C:\Users\T590\devsim_project\inverse-device-modeling\tcad\para_sweep\runs\_tmp_work\L200T10\B1e17SD1e20,.
L200T20,B1e16SD1e19,2.0e-5,2.0e-6,1.0e16,1.0e19,1.0e19,ok,0,109.592,303,C:\Users\T590\devsim_project\inverse-device-modeling\tcad\para_sweep\dataset\L200T20B1e16SD1e19_IdVd.csv,C:\Users\T590\devsim_project\inverse-device-modeling\tcad\para_sweep\dataset\L200T20B1e16SD1e19_IdVg.csv,101,202,C:\Users\T590\devsim_project\inverse-device-modeling\tcad\para_sweep\runs\L200T20\logs\B1e16SD1e19.stdout.log,C:\Users\T590\devsim_project\inverse-device-modeling\tcad\para_sweep\runs\L200T20\logs\B1e16SD1e19.stderr.log,C:\Users\T590\devsim_project\inverse-device-modeling\tcad\para_sweep\runs\_tmp_work\L200T20\B1e16SD1e19,C:\Users\T590\devsim_project\inverse-device-modeling\tcad\para_sweep\dataset\final_fields\L200T20B1e16SD1e19_final.dat
L200T20,B1e16SD5e19,2.0e-5,2.0e-6,1.0e16,5.0e19,5.0e19,ok,0,115.145,303,C:\Users\T590\devsim_project\inverse-device-modeling\tcad\para_sweep\dataset\L200T20B1e16SD5e19_IdVd.csv,C:\Users\T590\devsim_project\inverse-device-modeling\tcad\para_sweep\dataset\L200T20B1e16SD5e19_IdVg.csv,101,202,C:\Users\T590\devsim_project\inverse-device-modeling\tcad\para_sweep\runs\L200T20\logs\B1e16SD5e19.stdout.log,C:\Users\T590\devsim_project\inverse-device-modeling\tcad\para_sweep\runs\L200T20\logs\B1e16SD5e19.stderr.log,C:\Users\T590\devsim_project\inverse-device-modeling\tcad\para_sweep\runs\_tmp_work\L200T20\B1e16SD5e19,C:\Users\T590\devsim_project\inverse-device-modeling\tcad\para_sweep\dataset\final_fields\L200T20B1e16SD5e19_final.dat
L200T20,B1e16SD1e20,2.0e-5,2.0e-6,1.0e16,1.0e20,1.0e20,ok,0,127.095,303,C:\Users\T590\devsim_project\inverse-device-modeling\tcad\para_sweep\dataset\L200T20B1e16SD1e20_IdVd.csv,C:\Users\T590\devsim_project\inverse-device-modeling\tcad\para_sweep\dataset\L200T20B1e16SD1e20_IdVg.csv,101,202,C:\Users\T590\devsim_project\inverse-device-modeling\tcad\para_sweep\runs\L200T20\logs\B1e16SD1e20.stdout.log,C:\Users\T590\devsim_project\inverse-device-modeling\tcad\para_sweep\runs\L200T20\logs\B1e16SD1e20.stderr.log,C:\Users\T590\devsim_project\inverse-device-modeling\tcad\para_sweep\runs\_tmp_work\L200T20\B1e16SD1e20,C:\Users\T590\devsim_project\inverse-device-modeling\tcad\para_sweep\dataset\final_fields\L200T20B1e16SD1e20_final.dat
L200T20,B5e16SD1e19,2.0e-5,2.0e-6,5.0e16,1.0e19,1.0e19,failed,1,47.326,101,C:\Users\T590\devsim_project\inverse-device-modeling\tcad\para_sweep\dataset\L200T20B5e16SD1e19_IdVd.csv,C:\Users\T590\devsim_project\inverse-device-modeling\tcad\para_sweep\dataset\L200T20B5e16SD1e19_IdVg.csv,101,0,C:\Users\T590\devsim_project\inverse-device-modeling\tcad\para_sweep\runs\L200T20\logs\B5e16SD1e19.stdout.log,C:\Users\T590\devsim_project\inverse-device-modeling\tcad\para_sweep\runs\L200T20\logs\B5e16SD1e19.stderr.log,C:\Users\T590\devsim_project\inverse-device-modeling\tcad\para_sweep\runs\_tmp_work\L200T20\B5e16SD1e19,.
L200T20,B5e16SD5e19,2.0e-5,2.0e-6,5.0e16,5.0e19,5.0e19,failed,1,43.386,101,C:\Users\T590\devsim_project\inverse-device-modeling\tcad\para_sweep\dataset\L200T20B5e16SD5e19_IdVd.csv,C:\Users\T590\devsim_project\inverse-device-modeling\tcad\para_sweep\dataset\L200T20B5e16SD5e19_IdVg.csv,101,0,C:\Users\T590\devsim_project\inverse-device-modeling\tcad\para_sweep\runs\L200T20\logs\B5e16SD5e19.stdout.log,C:\Users\T590\devsim_project\inverse-device-modeling\tcad\para_sweep\runs\L200T20\logs\B5e16SD5e19.stderr.log,C:\Users\T590\devsim_project\inverse-device-modeling\tcad\para_sweep\runs\_tmp_work\L200T20\B5e16SD5e19,.
L200T20,B5e16SD1e20,2.0e-5,2.0e-6,5.0e16,1.0e20,1.0e20,failed,1,39.017,101,C:\Users\T590\devsim_project\inverse-device-modeling\tcad\para_sweep\dataset\L200T20B5e16SD1e20_IdVd.csv,C:\Users\T590\devsim_project\inverse-device-modeling\tcad\para_sweep\dataset\L200T20B5e16SD1e20_IdVg.csv,101,0,C:\Users\T590\devsim_project\inverse-device-modeling\tcad\para_sweep\runs\L200T20\logs\B5e16SD1e20.stdout.log,C:\Users\T590\devsim_project\inverse-device-modeling\tcad\para_sweep\runs\L200T20\logs\B5e16SD1e20.stderr.log,C:\Users\T590\devsim_project\inverse-device-modeling\tcad\para_sweep\runs\_tmp_work\L200T20\B5e16SD1e20,.
L200T20,B1e17SD1e19,2.0e-5,2.0e-6,1.0e17,1.0e19,1.0e19,failed,1,40.053,101,C:\Users\T590\devsim_project\inverse-device-modeling\tcad\para_sweep\dataset\L200T20B1e17SD1e19_IdVd.csv,C:\Users\T590\devsim_project\inverse-device-modeling\tcad\para_sweep\dataset\L200T20B1e17SD1e19_IdVg.csv,101,0,C:\Users\T590\devsim_project\inverse-device-modeling\tcad\para_sweep\runs\L200T20\logs\B1e17SD1e19.stdout.log,C:\Users\T590\devsim_project\inverse-device-modeling\tcad\para_sweep\runs\L200T20\logs\B1e17SD1e19.stderr.log,C:\Users\T590\devsim_project\inverse-device-modeling\tcad\para_sweep\runs\_tmp_work\L200T20\B1e17SD1e19,.
L200T20,B1e17SD5e19,2.0e-5,2.0e-6,1.0e17,5.0e19,5.0e19,failed,1,43.328,101,C:\Users\T590\devsim_project\inverse-device-modeling\tcad\para_sweep\dataset\L200T20B1e17SD5e19_IdVd.csv,C:\Users\T590\devsim_project\inverse-device-modeling\tcad\para_sweep\dataset\L200T20B1e17SD5e19_IdVg.csv,101,0,C:\Users\T590\devsim_project\inverse-device-modeling\tcad\para_sweep\runs\L200T20\logs\B1e17SD5e19.stdout.log,C:\Users\T590\devsim_project\inverse-device-modeling\tcad\para_sweep\runs\L200T20\logs\B1e17SD5e19.stderr.log,C:\Users\T590\devsim_project\inverse-device-modeling\tcad\para_sweep\runs\_tmp_work\L200T20\B1e17SD5e19,.
L200T20,B1e17SD1e20,2.0e-5,2.0e-6,1.0e17,1.0e20,1.0e20,failed,1,50.495,101,C:\Users\T590\devsim_project\inverse-device-modeling\tcad\para_sweep\dataset\L200T20B1e17SD1e20_IdVd.csv,C:\Users\T590\devsim_project\inverse-device-modeling\tcad\para_sweep\dataset\L200T20B1e17SD1e20_IdVg.csv,101,0,C:\Users\T590\devsim_project\inverse-device-modeling\tcad\para_sweep\runs\L200T20\logs\B1e17SD1e20.stdout.log,C:\Users\T590\devsim_project\inverse-device-modeling\tcad\para_sweep\runs\L200T20\logs\B1e17SD1e20.stderr.log,C:\Users\T590\devsim_project\inverse-device-modeling\tcad\para_sweep\runs\_tmp_work\L200T20\B1e17SD1e20,.
L200T30,B1e16SD1e19,2.0e-5,3.0e-6,1.0e16,1.0e19,1.0e19,ok,0,128.993,303,C:\Users\T590\devsim_project\inverse-device-modeling\tcad\para_sweep\dataset\L200T30B1e16SD1e19_IdVd.csv,C:\Users\T590\devsim_project\inverse-device-modeling\tcad\para_sweep\dataset\L200T30B1e16SD1e19_IdVg.csv,101,202,C:\Users\T590\devsim_project\inverse-device-modeling\tcad\para_sweep\runs\L200T30\logs\B1e16SD1e19.stdout.log,C:\Users\T590\devsim_project\inverse-device-modeling\tcad\para_sweep\runs\L200T30\logs\B1e16SD1e19.stderr.log,C:\Users\T590\devsim_project\inverse-device-modeling\tcad\para_sweep\runs\_tmp_work\L200T30\B1e16SD1e19,C:\Users\T590\devsim_project\inverse-device-modeling\tcad\para_sweep\dataset\final_fields\L200T30B1e16SD1e19_final.dat
L200T30,B1e16SD5e19,2.0e-5,3.0e-6,1.0e16,5.0e19,5.0e19,ok,0,136.752,303,C:\Users\T590\devsim_project\inverse-device-modeling\tcad\para_sweep\dataset\L200T30B1e16SD5e19_IdVd.csv,C:\Users\T590\devsim_project\inverse-device-modeling\tcad\para_sweep\dataset\L200T30B1e16SD5e19_IdVg.csv,101,202,C:\Users\T590\devsim_project\inverse-device-modeling\tcad\para_sweep\runs\L200T30\logs\B1e16SD5e19.stdout.log,C:\Users\T590\devsim_project\inverse-device-modeling\tcad\para_sweep\runs\L200T30\logs\B1e16SD5e19.stderr.log,C:\Users\T590\devsim_project\inverse-device-modeling\tcad\para_sweep\runs\_tmp_work\L200T30\B1e16SD5e19,C:\Users\T590\devsim_project\inverse-device-modeling\tcad\para_sweep\dataset\final_fields\L200T30B1e16SD5e19_final.dat
L200T30,B1e16SD1e20,2.0e-5,3.0e-6,1.0e16,1.0e20,1.0e20,ok,0,119.927,303,C:\Users\T590\devsim_project\inverse-device-modeling\tcad\para_sweep\dataset\L200T30B1e16SD1e20_IdVd.csv,C:\Users\T590\devsim_project\inverse-device-modeling\tcad\para_sweep\dataset\L200T30B1e16SD1e20_IdVg.csv,101,202,C:\Users\T590\devsim_project\inverse-device-modeling\tcad\para_sweep\runs\L200T30\logs\B1e16SD1e20.stdout.log,C:\Users\T590\devsim_project\inverse-device-modeling\tcad\para_sweep\runs\L200T30\logs\B1e16SD1e20.stderr.log,C:\Users\T590\devsim_project\inverse-device-modeling\tcad\para_sweep\runs\_tmp_work\L200T30\B1e16SD1e20,C:\Users\T590\devsim_project\inverse-device-modeling\tcad\para_sweep\dataset\final_fields\L200T30B1e16SD1e20_final.dat
L200T30,B5e16SD1e19,2.0e-5,3.0e-6,5.0e16,1.0e19,1.0e19,failed,1,45.513,101,C:\Users\T590\devsim_project\inverse-device-modeling\tcad\para_sweep\dataset\L200T30B5e16SD1e19_IdVd.csv,C:\Users\T590\devsim_project\inverse-device-modeling\tcad\para_sweep\dataset\L200T30B5e16SD1e19_IdVg.csv,101,0,C:\Users\T590\devsim_project\inverse-device-modeling\tcad\para_sweep\runs\L200T30\logs\B5e16SD1e19.stdout.log,C:\Users\T590\devsim_project\inverse-device-modeling\tcad\para_sweep\runs\L200T30\logs\B5e16SD1e19.stderr.log,C:\Users\T590\devsim_project\inverse-device-modeling\tcad\para_sweep\runs\_tmp_work\L200T30\B5e16SD1e19,.
L200T30,B5e16SD5e19,2.0e-5,3.0e-6,5.0e16,5.0e19,5.0e19,failed,1,40.181,101,C:\Users\T590\devsim_project\inverse-device-modeling\tcad\para_sweep\dataset\L200T30B5e16SD5e19_IdVd.csv,C:\Users\T590\devsim_project\inverse-device-modeling\tcad\para_sweep\dataset\L200T30B5e16SD5e19_IdVg.csv,101,0,C:\Users\T590\devsim_project\inverse-device-modeling\tcad\para_sweep\runs\L200T30\logs\B5e16SD5e19.stdout.log,C:\Users\T590\devsim_project\inverse-device-modeling\tcad\para_sweep\runs\L200T30\logs\B5e16SD5e19.stderr.log,C:\Users\T590\devsim_project\inverse-device-modeling\tcad\para_sweep\runs\_tmp_work\L200T30\B5e16SD5e19,.
L200T30,B5e16SD1e20,2.0e-5,3.0e-6,5.0e16,1.0e20,1.0e20,failed,1,40.915,101,C:\Users\T590\devsim_project\inverse-device-modeling\tcad\para_sweep\dataset\L200T30B5e16SD1e20_IdVd.csv,C:\Users\T590\devsim_project\inverse-device-modeling\tcad\para_sweep\dataset\L200T30B5e16SD1e20_IdVg.csv,101,0,C:\Users\T590\devsim_project\inverse-device-modeling\tcad\para_sweep\runs\L200T30\logs\B5e16SD1e20.stdout.log,C:\Users\T590\devsim_project\inverse-device-modeling\tcad\para_sweep\runs\L200T30\logs\B5e16SD1e20.stderr.log,C:\Users\T590\devsim_project\inverse-device-modeling\tcad\para_sweep\runs\_tmp_work\L200T30\B5e16SD1e20,.
L200T30,B1e17SD1e19,2.0e-5,3.0e-6,1.0e17,1.0e19,1.0e19,failed,1,38.003,101,C:\Users\T590\devsim_project\inverse-device-modeling\tcad\para_sweep\dataset\L200T30B1e17SD1e19_IdVd.csv,C:\Users\T590\devsim_project\inverse-device-modeling\tcad\para_sweep\dataset\L200T30B1e17SD1e19_IdVg.csv,101,0,C:\Users\T590\devsim_project\inverse-device-modeling\tcad\para_sweep\runs\L200T30\logs\B1e17SD1e19.stdout.log,C:\Users\T590\devsim_project\inverse-device-modeling\tcad\para_sweep\runs\L200T30\logs\B1e17SD1e19.stderr.log,C:\Users\T590\devsim_project\inverse-device-modeling\tcad\para_sweep\runs\_tmp_work\L200T30\B1e17SD1e19,.
L200T30,B1e17SD5e19,2.0e-5,3.0e-6,1.0e17,5.0e19,5.0e19,failed,1,37.238,101,C:\Users\T590\devsim_project\inverse-device-modeling\tcad\para_sweep\dataset\L200T30B1e17SD5e19_IdVd.csv,C:\Users\T590\devsim_project\inverse-device-modeling\tcad\para_sweep\dataset\L200T30B1e17SD5e19_IdVg.csv,101,0,C:\Users\T590\devsim_project\inverse-device-modeling\tcad\para_sweep\runs\L200T30\logs\B1e17SD5e19.stdout.log,C:\Users\T590\devsim_project\inverse-device-modeling\tcad\para_sweep\runs\L200T30\logs\B1e17SD5e19.stderr.log,C:\Users\T590\devsim_project\inverse-device-modeling\tcad\para_sweep\runs\_tmp_work\L200T30\B1e17SD5e19,.
L200T30,B1e17SD1e20,2.0e-5,3.0e-6,1.0e17,1.0e20,1.0e20,failed,1,38.854,101,C:\Users\T590\devsim_project\inverse-device-modeling\tcad\para_sweep\dataset\L200T30B1e17SD1e20_IdVd.csv,C:\Users\T590\devsim_project\inverse-device-modeling\tcad\para_sweep\dataset\L200T30B1e17SD1e20_IdVg.csv,101,0,C:\Users\T590\devsim_project\inverse-device-modeling\tcad\para_sweep\runs\L200T30\logs\B1e17SD1e20.stdout.log,C:\Users\T590\devsim_project\inverse-device-modeling\tcad\para_sweep\runs\L200T30\logs\B1e17SD1e20.stderr.log,C:\Users\T590\devsim_project\inverse-device-modeling\tcad\para_sweep\runs\_tmp_work\L200T30\B1e17SD1e20,.
L300T10,B1e16SD1e19,3.0e-5,1.0e-6,1.0e16,1.0e19,1.0e19,ok,0,136.507,303,C:\Users\T590\devsim_project\inverse-device-modeling\tcad\para_sweep\dataset\L300T10B1e16SD1e19_IdVd.csv,C:\Users\T590\devsim_project\inverse-device-modeling\tcad\para_sweep\dataset\L300T10B1e16SD1e19_IdVg.csv,101,202,C:\Users\T590\devsim_project\inverse-device-modeling\tcad\para_sweep\runs\L300T10\logs\B1e16SD1e19.stdout.log,C:\Users\T590\devsim_project\inverse-device-modeling\tcad\para_sweep\runs\L300T10\logs\B1e16SD1e19.stderr.log,C:\Users\T590\devsim_project\inverse-device-modeling\tcad\para_sweep\runs\_tmp_work\L300T10\B1e16SD1e19,C:\Users\T590\devsim_project\inverse-device-modeling\tcad\para_sweep\dataset\final_fields\L300T10B1e16SD1e19_final.dat
L300T10,B1e16SD5e19,3.0e-5,1.0e-6,1.0e16,5.0e19,5.0e19,ok,0,127.564,303,C:\Users\T590\devsim_project\inverse-device-modeling\tcad\para_sweep\dataset\L300T10B1e16SD5e19_IdVd.csv,C:\Users\T590\devsim_project\inverse-device-modeling\tcad\para_sweep\dataset\L300T10B1e16SD5e19_IdVg.csv,101,202,C:\Users\T590\devsim_project\inverse-device-modeling\tcad\para_sweep\runs\L300T10\logs\B1e16SD5e19.stdout.log,C:\Users\T590\devsim_project\inverse-device-modeling\tcad\para_sweep\runs\L300T10\logs\B1e16SD5e19.stderr.log,C:\Users\T590\devsim_project\inverse-device-modeling\tcad\para_sweep\runs\_tmp_work\L300T10\B1e16SD5e19,C:\Users\T590\devsim_project\inverse-device-modeling\tcad\para_sweep\dataset\final_fields\L300T10B1e16SD5e19_final.dat
L300T10,B1e16SD1e20,3.0e-5,1.0e-6,1.0e16,1.0e20,1.0e20,ok,0,143.875,303,C:\Users\T590\devsim_project\inverse-device-modeling\tcad\para_sweep\dataset\L300T10B1e16SD1e20_IdVd.csv,C:\Users\T590\devsim_project\inverse-device-modeling\tcad\para_sweep\dataset\L300T10B1e16SD1e20_IdVg.csv,101,202,C:\Users\T590\devsim_project\inverse-device-modeling\tcad\para_sweep\runs\L300T10\logs\B1e16SD1e20.stdout.log,C:\Users\T590\devsim_project\inverse-device-modeling\tcad\para_sweep\runs\L300T10\logs\B1e16SD1e20.stderr.log,C:\Users\T590\devsim_project\inverse-device-modeling\tcad\para_sweep\runs\_tmp_work\L300T10\B1e16SD1e20,C:\Users\T590\devsim_project\inverse-device-modeling\tcad\para_sweep\dataset\final_fields\L300T10B1e16SD1e20_final.dat
L300T10,B5e16SD1e19,3.0e-5,1.0e-6,5.0e16,1.0e19,1.0e19,failed,1,41.223,101,C:\Users\T590\devsim_project\inverse-device-modeling\tcad\para_sweep\dataset\L300T10B5e16SD1e19_IdVd.csv,C:\Users\T590\devsim_project\inverse-device-modeling\tcad\para_sweep\dataset\L300T10B5e16SD1e19_IdVg.csv,101,0,C:\Users\T590\devsim_project\inverse-device-modeling\tcad\para_sweep\runs\L300T10\logs\B5e16SD1e19.stdout.log,C:\Users\T590\devsim_project\inverse-device-modeling\tcad\para_sweep\runs\L300T10\logs\B5e16SD1e19.stderr.log,C:\Users\T590\devsim_project\inverse-device-modeling\tcad\para_sweep\runs\_tmp_work\L300T10\B5e16SD1e19,.
L300T10,B5e16SD5e19,3.0e-5,1.0e-6,5.0e16,5.0e19,5.0e19,ok,0,141.837,303,C:\Users\T590\devsim_project\inverse-device-modeling\tcad\para_sweep\dataset\L300T10B5e16SD5e19_IdVd.csv,C:\Users\T590\devsim_project\inverse-device-modeling\tcad\para_sweep\dataset\L300T10B5e16SD5e19_IdVg.csv,101,202,C:\Users\T590\devsim_project\inverse-device-modeling\tcad\para_sweep\runs\L300T10\logs\B5e16SD5e19.stdout.log,C:\Users\T590\devsim_project\inverse-device-modeling\tcad\para_sweep\runs\L300T10\logs\B5e16SD5e19.stderr.log,C:\Users\T590\devsim_project\inverse-device-modeling\tcad\para_sweep\runs\_tmp_work\L300T10\B5e16SD5e19,C:\Users\T590\devsim_project\inverse-device-modeling\tcad\para_sweep\dataset\final_fields\L300T10B5e16SD5e19_final.dat
L300T10,B5e16SD1e20,3.0e-5,1.0e-6,5.0e16,1.0e20,1.0e20,failed,1,46.207,101,C:\Users\T590\devsim_project\inverse-device-modeling\tcad\para_sweep\dataset\L300T10B5e16SD1e20_IdVd.csv,C:\Users\T590\devsim_project\inverse-device-modeling\tcad\para_sweep\dataset\L300T10B5e16SD1e20_IdVg.csv,101,0,C:\Users\T590\devsim_project\inverse-device-modeling\tcad\para_sweep\runs\L300T10\logs\B5e16SD1e20.stdout.log,C:\Users\T590\devsim_project\inverse-device-modeling\tcad\para_sweep\runs\L300T10\logs\B5e16SD1e20.stderr.log,C:\Users\T590\devsim_project\inverse-device-modeling\tcad\para_sweep\runs\_tmp_work\L300T10\B5e16SD1e20,.
L300T10,B1e17SD1e19,3.0e-5,1.0e-6,1.0e17,1.0e19,1.0e19,failed,1,45.974,101,C:\Users\T590\devsim_project\inverse-device-modeling\tcad\para_sweep\dataset\L300T10B1e17SD1e19_IdVd.csv,C:\Users\T590\devsim_project\inverse-device-modeling\tcad\para_sweep\dataset\L300T10B1e17SD1e19_IdVg.csv,101,0,C:\Users\T590\devsim_project\inverse-device-modeling\tcad\para_sweep\runs\L300T10\logs\B1e17SD1e19.stdout.log,C:\Users\T590\devsim_project\inverse-device-modeling\tcad\para_sweep\runs\L300T10\logs\B1e17SD1e19.stderr.log,C:\Users\T590\devsim_project\inverse-device-modeling\tcad\para_sweep\runs\_tmp_work\L300T10\B1e17SD1e19,.
L300T10,B1e17SD5e19,3.0e-5,1.0e-6,1.0e17,5.0e19,5.0e19,failed,1,44.838,101,C:\Users\T590\devsim_project\inverse-device-modeling\tcad\para_sweep\dataset\L300T10B1e17SD5e19_IdVd.csv,C:\Users\T590\devsim_project\inverse-device-modeling\tcad\para_sweep\dataset\L300T10B1e17SD5e19_IdVg.csv,101,0,C:\Users\T590\devsim_project\inverse-device-modeling\tcad\para_sweep\runs\L300T10\logs\B1e17SD5e19.stdout.log,C:\Users\T590\devsim_project\inverse-device-modeling\tcad\para_sweep\runs\L300T10\logs\B1e17SD5e19.stderr.log,C:\Users\T590\devsim_project\inverse-device-modeling\tcad\para_sweep\runs\_tmp_work\L300T10\B1e17SD5e19,.
L300T10,B1e17SD1e20,3.0e-5,1.0e-6,1.0e17,1.0e20,1.0e20,failed,1,40.982,101,C:\Users\T590\devsim_project\inverse-device-modeling\tcad\para_sweep\dataset\L300T10B1e17SD1e20_IdVd.csv,C:\Users\T590\devsim_project\inverse-device-modeling\tcad\para_sweep\dataset\L300T10B1e17SD1e20_IdVg.csv,101,0,C:\Users\T590\devsim_project\inverse-device-modeling\tcad\para_sweep\runs\L300T10\logs\B1e17SD1e20.stdout.log,C:\Users\T590\devsim_project\inverse-device-modeling\tcad\para_sweep\runs\L300T10\logs\B1e17SD1e20.stderr.log,C:\Users\T590\devsim_project\inverse-device-modeling\tcad\para_sweep\runs\_tmp_work\L300T10\B1e17SD1e20,.
L300T20,B1e16SD1e19,3.0e-5,2.0e-6,1.0e16,1.0e19,1.0e19,ok,0,129.974,303,C:\Users\T590\devsim_project\inverse-device-modeling\tcad\para_sweep\dataset\L300T20B1e16SD1e19_IdVd.csv,C:\Users\T590\devsim_project\inverse-device-modeling\tcad\para_sweep\dataset\L300T20B1e16SD1e19_IdVg.csv,101,202,C:\Users\T590\devsim_project\inverse-device-modeling\tcad\para_sweep\runs\L300T20\logs\B1e16SD1e19.stdout.log,C:\Users\T590\devsim_project\inverse-device-modeling\tcad\para_sweep\runs\L300T20\logs\B1e16SD1e19.stderr.log,C:\Users\T590\devsim_project\inverse-device-modeling\tcad\para_sweep\runs\_tmp_work\L300T20\B1e16SD1e19,C:\Users\T590\devsim_project\inverse-device-modeling\tcad\para_sweep\dataset\final_fields\L300T20B1e16SD1e19_final.dat
L300T20,B1e16SD5e19,3.0e-5,2.0e-6,1.0e16,5.0e19,5.0e19,ok,0,121.243,303,C:\Users\T590\devsim_project\inverse-device-modeling\tcad\para_sweep\dataset\L300T20B1e16SD5e19_IdVd.csv,C:\Users\T590\devsim_project\inverse-device-modeling\tcad\para_sweep\dataset\L300T20B1e16SD5e19_IdVg.csv,101,202,C:\Users\T590\devsim_project\inverse-device-modeling\tcad\para_sweep\runs\L300T20\logs\B1e16SD5e19.stdout.log,C:\Users\T590\devsim_project\inverse-device-modeling\tcad\para_sweep\runs\L300T20\logs\B1e16SD5e19.stderr.log,C:\Users\T590\devsim_project\inverse-device-modeling\tcad\para_sweep\runs\_tmp_work\L300T20\B1e16SD5e19,C:\Users\T590\devsim_project\inverse-device-modeling\tcad\para_sweep\dataset\final_fields\L300T20B1e16SD5e19_final.dat
L300T20,B1e16SD1e20,3.0e-5,2.0e-6,1.0e16,1.0e20,1.0e20,ok,0,117.664,303,C:\Users\T590\devsim_project\inverse-device-modeling\tcad\para_sweep\dataset\L300T20B1e16SD1e20_IdVd.csv,C:\Users\T590\devsim_project\inverse-device-modeling\tcad\para_sweep\dataset\L300T20B1e16SD1e20_IdVg.csv,101,202,C:\Users\T590\devsim_project\inverse-device-modeling\tcad\para_sweep\runs\L300T20\logs\B1e16SD1e20.stdout.log,C:\Users\T590\devsim_project\inverse-device-modeling\tcad\para_sweep\runs\L300T20\logs\B1e16SD1e20.stderr.log,C:\Users\T590\devsim_project\inverse-device-modeling\tcad\para_sweep\runs\_tmp_work\L300T20\B1e16SD1e20,C:\Users\T590\devsim_project\inverse-device-modeling\tcad\para_sweep\dataset\final_fields\L300T20B1e16SD1e20_final.dat
L300T20,B5e16SD1e19,3.0e-5,2.0e-6,5.0e16,1.0e19,1.0e19,failed,1,43.134,101,C:\Users\T590\devsim_project\inverse-device-modeling\tcad\para_sweep\dataset\L300T20B5e16SD1e19_IdVd.csv,C:\Users\T590\devsim_project\inverse-device-modeling\tcad\para_sweep\dataset\L300T20B5e16SD1e19_IdVg.csv,101,0,C:\Users\T590\devsim_project\inverse-device-modeling\tcad\para_sweep\runs\L300T20\logs\B5e16SD1e19.stdout.log,C:\Users\T590\devsim_project\inverse-device-modeling\tcad\para_sweep\runs\L300T20\logs\B5e16SD1e19.stderr.log,C:\Users\T590\devsim_project\inverse-device-modeling\tcad\para_sweep\runs\_tmp_work\L300T20\B5e16SD1e19,.
L300T20,B5e16SD5e19,3.0e-5,2.0e-6,5.0e16,5.0e19,5.0e19,ok,0,129.735,303,C:\Users\T590\devsim_project\inverse-device-modeling\tcad\para_sweep\dataset\L300T20B5e16SD5e19_IdVd.csv,C:\Users\T590\devsim_project\inverse-device-modeling\tcad\para_sweep\dataset\L300T20B5e16SD5e19_IdVg.csv,101,202,C:\Users\T590\devsim_project\inverse-device-modeling\tcad\para_sweep\runs\L300T20\logs\B5e16SD5e19.stdout.log,C:\Users\T590\devsim_project\inverse-device-modeling\tcad\para_sweep\runs\L300T20\logs\B5e16SD5e19.stderr.log,C:\Users\T590\devsim_project\inverse-device-modeling\tcad\para_sweep\runs\_tmp_work\L300T20\B5e16SD5e19,C:\Users\T590\devsim_project\inverse-device-modeling\tcad\para_sweep\dataset\final_fields\L300T20B5e16SD5e19_final.dat
L300T20,B5e16SD1e20,3.0e-5,2.0e-6,5.0e16,1.0e20,1.0e20,ok,0,126.438,303,C:\Users\T590\devsim_project\inverse-device-modeling\tcad\para_sweep\dataset\L300T20B5e16SD1e20_IdVd.csv,C:\Users\T590\devsim_project\inverse-device-modeling\tcad\para_sweep\dataset\L300T20B5e16SD1e20_IdVg.csv,101,202,C:\Users\T590\devsim_project\inverse-device-modeling\tcad\para_sweep\runs\L300T20\logs\B5e16SD1e20.stdout.log,C:\Users\T590\devsim_project\inverse-device-modeling\tcad\para_sweep\runs\L300T20\logs\B5e16SD1e20.stderr.log,C:\Users\T590\devsim_project\inverse-device-modeling\tcad\para_sweep\runs\_tmp_work\L300T20\B5e16SD1e20,C:\Users\T590\devsim_project\inverse-device-modeling\tcad\para_sweep\dataset\final_fields\L300T20B5e16SD1e20_final.dat
L300T20,B1e17SD1e19,3.0e-5,2.0e-6,1.0e17,1.0e19,1.0e19,failed,1,46.405,101,C:\Users\T590\devsim_project\inverse-device-modeling\tcad\para_sweep\dataset\L300T20B1e17SD1e19_IdVd.csv,C:\Users\T590\devsim_project\inverse-device-modeling\tcad\para_sweep\dataset\L300T20B1e17SD1e19_IdVg.csv,101,0,C:\Users\T590\devsim_project\inverse-device-modeling\tcad\para_sweep\runs\L300T20\logs\B1e17SD1e19.stdout.log,C:\Users\T590\devsim_project\inverse-device-modeling\tcad\para_sweep\runs\L300T20\logs\B1e17SD1e19.stderr.log,C:\Users\T590\devsim_project\inverse-device-modeling\tcad\para_sweep\runs\_tmp_work\L300T20\B1e17SD1e19,.
L300T20,B1e17SD5e19,3.0e-5,2.0e-6,1.0e17,5.0e19,5.0e19,failed,1,40.988,101,C:\Users\T590\devsim_project\inverse-device-modeling\tcad\para_sweep\dataset\L300T20B1e17SD5e19_IdVd.csv,C:\Users\T590\devsim_project\inverse-device-modeling\tcad\para_sweep\dataset\L300T20B1e17SD5e19_IdVg.csv,101,0,C:\Users\T590\devsim_project\inverse-device-modeling\tcad\para_sweep\runs\L300T20\logs\B1e17SD5e19.stdout.log,C:\Users\T590\devsim_project\inverse-device-modeling\tcad\para_sweep\runs\L300T20\logs\B1e17SD5e19.stderr.log,C:\Users\T590\devsim_project\inverse-device-modeling\tcad\para_sweep\runs\_tmp_work\L300T20\B1e17SD5e19,.
L300T20,B1e17SD1e20,3.0e-5,2.0e-6,1.0e17,1.0e20,1.0e20,failed,1,39.162,101,C:\Users\T590\devsim_project\inverse-device-modeling\tcad\para_sweep\dataset\L300T20B1e17SD1e20_IdVd.csv,C:\Users\T590\devsim_project\inverse-device-modeling\tcad\para_sweep\dataset\L300T20B1e17SD1e20_IdVg.csv,101,0,C:\Users\T590\devsim_project\inverse-device-modeling\tcad\para_sweep\runs\L300T20\logs\B1e17SD1e20.stdout.log,C:\Users\T590\devsim_project\inverse-device-modeling\tcad\para_sweep\runs\L300T20\logs\B1e17SD1e20.stderr.log,C:\Users\T590\devsim_project\inverse-device-modeling\tcad\para_sweep\runs\_tmp_work\L300T20\B1e17SD1e20,.
L300T30,B1e16SD1e19,3.0e-5,3.0e-6,1.0e16,1.0e19,1.0e19,ok,0,124.080,303,C:\Users\T590\devsim_project\inverse-device-modeling\tcad\para_sweep\dataset\L300T30B1e16SD1e19_IdVd.csv,C:\Users\T590\devsim_project\inverse-device-modeling\tcad\para_sweep\dataset\L300T30B1e16SD1e19_IdVg.csv,101,202,C:\Users\T590\devsim_project\inverse-device-modeling\tcad\para_sweep\runs\L300T30\logs\B1e16SD1e19.stdout.log,C:\Users\T590\devsim_project\inverse-device-modeling\tcad\para_sweep\runs\L300T30\logs\B1e16SD1e19.stderr.log,C:\Users\T590\devsim_project\inverse-device-modeling\tcad\para_sweep\runs\_tmp_work\L300T30\B1e16SD1e19,C:\Users\T590\devsim_project\inverse-device-modeling\tcad\para_sweep\dataset\final_fields\L300T30B1e16SD1e19_final.dat
L300T30,B1e16SD5e19,3.0e-5,3.0e-6,1.0e16,5.0e19,5.0e19,ok,0,131.292,303,C:\Users\T590\devsim_project\inverse-device-modeling\tcad\para_sweep\dataset\L300T30B1e16SD5e19_IdVd.csv,C:\Users\T590\devsim_project\inverse-device-modeling\tcad\para_sweep\dataset\L300T30B1e16SD5e19_IdVg.csv,101,202,C:\Users\T590\devsim_project\inverse-device-modeling\tcad\para_sweep\runs\L300T30\logs\B1e16SD5e19.stdout.log,C:\Users\T590\devsim_project\inverse-device-modeling\tcad\para_sweep\runs\L300T30\logs\B1e16SD5e19.stderr.log,C:\Users\T590\devsim_project\inverse-device-modeling\tcad\para_sweep\runs\_tmp_work\L300T30\B1e16SD5e19,C:\Users\T590\devsim_project\inverse-device-modeling\tcad\para_sweep\dataset\final_fields\L300T30B1e16SD5e19_final.dat
L300T30,B1e16SD1e20,3.0e-5,3.0e-6,1.0e16,1.0e20,1.0e20,ok,0,118.079,303,C:\Users\T590\devsim_project\inverse-device-modeling\tcad\para_sweep\dataset\L300T30B1e16SD1e20_IdVd.csv,C:\Users\T590\devsim_project\inverse-device-modeling\tcad\para_sweep\dataset\L300T30B1e16SD1e20_IdVg.csv,101,202,C:\Users\T590\devsim_project\inverse-device-modeling\tcad\para_sweep\runs\L300T30\logs\B1e16SD1e20.stdout.log,C:\Users\T590\devsim_project\inverse-device-modeling\tcad\para_sweep\runs\L300T30\logs\B1e16SD1e20.stderr.log,C:\Users\T590\devsim_project\inverse-device-modeling\tcad\para_sweep\runs\_tmp_work\L300T30\B1e16SD1e20,C:\Users\T590\devsim_project\inverse-device-modeling\tcad\para_sweep\dataset\final_fields\L300T30B1e16SD1e20_final.dat
L300T30,B5e16SD1e19,3.0e-5,3.0e-6,5.0e16,1.0e19,1.0e19,failed,1,48.404,101,C:\Users\T590\devsim_project\inverse-device-modeling\tcad\para_sweep\dataset\L300T30B5e16SD1e19_IdVd.csv,C:\Users\T590\devsim_project\inverse-device-modeling\tcad\para_sweep\dataset\L300T30B5e16SD1e19_IdVg.csv,101,0,C:\Users\T590\devsim_project\inverse-device-modeling\tcad\para_sweep\runs\L300T30\logs\B5e16SD1e19.stdout.log,C:\Users\T590\devsim_project\inverse-device-modeling\tcad\para_sweep\runs\L300T30\logs\B5e16SD1e19.stderr.log,C:\Users\T590\devsim_project\inverse-device-modeling\tcad\para_sweep\runs\_tmp_work\L300T30\B5e16SD1e19,.
L300T30,B5e16SD5e19,3.0e-5,3.0e-6,5.0e16,5.0e19,5.0e19,ok,0,122.854,303,C:\Users\T590\devsim_project\inverse-device-modeling\tcad\para_sweep\dataset\L300T30B5e16SD5e19_IdVd.csv,C:\Users\T590\devsim_project\inverse-device-modeling\tcad\para_sweep\dataset\L300T30B5e16SD5e19_IdVg.csv,101,202,C:\Users\T590\devsim_project\inverse-device-modeling\tcad\para_sweep\runs\L300T30\logs\B5e16SD5e19.stdout.log,C:\Users\T590\devsim_project\inverse-device-modeling\tcad\para_sweep\runs\L300T30\logs\B5e16SD5e19.stderr.log,C:\Users\T590\devsim_project\inverse-device-modeling\tcad\para_sweep\runs\_tmp_work\L300T30\B5e16SD5e19,C:\Users\T590\devsim_project\inverse-device-modeling\tcad\para_sweep\dataset\final_fields\L300T30B5e16SD5e19_final.dat
L300T30,B5e16SD1e20,3.0e-5,3.0e-6,5.0e16,1.0e20,1.0e20,failed,1,40.118,101,C:\Users\T590\devsim_project\inverse-device-modeling\tcad\para_sweep\dataset\L300T30B5e16SD1e20_IdVd.csv,C:\Users\T590\devsim_project\inverse-device-modeling\tcad\para_sweep\dataset\L300T30B5e16SD1e20_IdVg.csv,101,0,C:\Users\T590\devsim_project\inverse-device-modeling\tcad\para_sweep\runs\L300T30\logs\B5e16SD1e20.stdout.log,C:\Users\T590\devsim_project\inverse-device-modeling\tcad\para_sweep\runs\L300T30\logs\B5e16SD1e20.stderr.log,C:\Users\T590\devsim_project\inverse-device-modeling\tcad\para_sweep\runs\_tmp_work\L300T30\B5e16SD1e20,.
L300T30,B1e17SD1e19,3.0e-5,3.0e-6,1.0e17,1.0e19,1.0e19,failed,1,43.077,101,C:\Users\T590\devsim_project\inverse-device-modeling\tcad\para_sweep\dataset\L300T30B1e17SD1e19_IdVd.csv,C:\Users\T590\devsim_project\inverse-device-modeling\tcad\para_sweep\dataset\L300T30B1e17SD1e19_IdVg.csv,101,0,C:\Users\T590\devsim_project\inverse-device-modeling\tcad\para_sweep\runs\L300T30\logs\B1e17SD1e19.stdout.log,C:\Users\T590\devsim_project\inverse-device-modeling\tcad\para_sweep\runs\L300T30\logs\B1e17SD1e19.stderr.log,C:\Users\T590\devsim_project\inverse-device-modeling\tcad\para_sweep\runs\_tmp_work\L300T30\B1e17SD1e19,.
L300T30,B1e17SD5e19,3.0e-5,3.0e-6,1.0e17,5.0e19,5.0e19,failed,1,44.475,101,C:\Users\T590\devsim_project\inverse-device-modeling\tcad\para_sweep\dataset\L300T30B1e17SD5e19_IdVd.csv,C:\Users\T590\devsim_project\inverse-device-modeling\tcad\para_sweep\dataset\L300T30B1e17SD5e19_IdVg.csv,101,0,C:\Users\T590\devsim_project\inverse-device-modeling\tcad\para_sweep\runs\L300T30\logs\B1e17SD5e19.stdout.log,C:\Users\T590\devsim_project\inverse-device-modeling\tcad\para_sweep\runs\L300T30\logs\B1e17SD5e19.stderr.log,C:\Users\T590\devsim_project\inverse-device-modeling\tcad\para_sweep\runs\_tmp_work\L300T30\B1e17SD5e19,.
L300T30,B1e17SD1e20,3.0e-5,3.0e-6,1.0e17,1.0e20,1.0e20,failed,1,50.512,106,C:\Users\T590\devsim_project\inverse-device-modeling\tcad\para_sweep\dataset\L300T30B1e17SD1e20_IdVd.csv,C:\Users\T590\devsim_project\inverse-device-modeling\tcad\para_sweep\dataset\L300T30B1e17SD1e20_IdVg.csv,106,0,C:\Users\T590\devsim_project\inverse-device-modeling\tcad\para_sweep\runs\L300T30\logs\B1e17SD1e20.stdout.log,C:\Users\T590\devsim_project\inverse-device-modeling\tcad\para_sweep\runs\L300T30\logs\B1e17SD1e20.stderr.log,C:\Users\T590\devsim_project\inverse-device-modeling\tcad\para_sweep\runs\_tmp_work\L300T30\B1e17SD1e20,.
L400T10,B1e16SD1e19,4.0e-5,1.0e-6,1.0e16,1.0e19,1.0e19,ok,0,147.360,303,C:\Users\T590\devsim_project\inverse-device-modeling\tcad\para_sweep\dataset\L400T10B1e16SD1e19_IdVd.csv,C:\Users\T590\devsim_project\inverse-device-modeling\tcad\para_sweep\dataset\L400T10B1e16SD1e19_IdVg.csv,101,202,C:\Users\T590\devsim_project\inverse-device-modeling\tcad\para_sweep\runs\L400T10\logs\B1e16SD1e19.stdout.log,C:\Users\T590\devsim_project\inverse-device-modeling\tcad\para_sweep\runs\L400T10\logs\B1e16SD1e19.stderr.log,C:\Users\T590\devsim_project\inverse-device-modeling\tcad\para_sweep\runs\_tmp_work\L400T10\B1e16SD1e19,C:\Users\T590\devsim_project\inverse-device-modeling\tcad\para_sweep\dataset\final_fields\L400T10B1e16SD1e19_final.dat
L400T10,B1e16SD5e19,4.0e-5,1.0e-6,1.0e16,5.0e19,5.0e19,ok,0,157.650,303,C:\Users\T590\devsim_project\inverse-device-modeling\tcad\para_sweep\dataset\L400T10B1e16SD5e19_IdVd.csv,C:\Users\T590\devsim_project\inverse-device-modeling\tcad\para_sweep\dataset\L400T10B1e16SD5e19_IdVg.csv,101,202,C:\Users\T590\devsim_project\inverse-device-modeling\tcad\para_sweep\runs\L400T10\logs\B1e16SD5e19.stdout.log,C:\Users\T590\devsim_project\inverse-device-modeling\tcad\para_sweep\runs\L400T10\logs\B1e16SD5e19.stderr.log,C:\Users\T590\devsim_project\inverse-device-modeling\tcad\para_sweep\runs\_tmp_work\L400T10\B1e16SD5e19,C:\Users\T590\devsim_project\inverse-device-modeling\tcad\para_sweep\dataset\final_fields\L400T10B1e16SD5e19_final.dat
L400T10,B1e16SD1e20,4.0e-5,1.0e-6,1.0e16,1.0e20,1.0e20,ok,0,157.855,303,C:\Users\T590\devsim_project\inverse-device-modeling\tcad\para_sweep\dataset\L400T10B1e16SD1e20_IdVd.csv,C:\Users\T590\devsim_project\inverse-device-modeling\tcad\para_sweep\dataset\L400T10B1e16SD1e20_IdVg.csv,101,202,C:\Users\T590\devsim_project\inverse-device-modeling\tcad\para_sweep\runs\L400T10\logs\B1e16SD1e20.stdout.log,C:\Users\T590\devsim_project\inverse-device-modeling\tcad\para_sweep\runs\L400T10\logs\B1e16SD1e20.stderr.log,C:\Users\T590\devsim_project\inverse-device-modeling\tcad\para_sweep\runs\_tmp_work\L400T10\B1e16SD1e20,C:\Users\T590\devsim_project\inverse-device-modeling\tcad\para_sweep\dataset\final_fields\L400T10B1e16SD1e20_final.dat
L400T10,B5e16SD1e19,4.0e-5,1.0e-6,5.0e16,1.0e19,1.0e19,ok,0,150.744,303,C:\Users\T590\devsim_project\inverse-device-modeling\tcad\para_sweep\dataset\L400T10B5e16SD1e19_IdVd.csv,C:\Users\T590\devsim_project\inverse-device-modeling\tcad\para_sweep\dataset\L400T10B5e16SD1e19_IdVg.csv,101,202,C:\Users\T590\devsim_project\inverse-device-modeling\tcad\para_sweep\runs\L400T10\logs\B5e16SD1e19.stdout.log,C:\Users\T590\devsim_project\inverse-device-modeling\tcad\para_sweep\runs\L400T10\logs\B5e16SD1e19.stderr.log,C:\Users\T590\devsim_project\inverse-device-modeling\tcad\para_sweep\runs\_tmp_work\L400T10\B5e16SD1e19,C:\Users\T590\devsim_project\inverse-device-modeling\tcad\para_sweep\dataset\final_fields\L400T10B5e16SD1e19_final.dat
L400T10,B5e16SD5e19,4.0e-5,1.0e-6,5.0e16,5.0e19,5.0e19,ok,0,170.217,303,C:\Users\T590\devsim_project\inverse-device-modeling\tcad\para_sweep\dataset\L400T10B5e16SD5e19_IdVd.csv,C:\Users\T590\devsim_project\inverse-device-modeling\tcad\para_sweep\dataset\L400T10B5e16SD5e19_IdVg.csv,101,202,C:\Users\T590\devsim_project\inverse-device-modeling\tcad\para_sweep\runs\L400T10\logs\B5e16SD5e19.stdout.log,C:\Users\T590\devsim_project\inverse-device-modeling\tcad\para_sweep\runs\L400T10\logs\B5e16SD5e19.stderr.log,C:\Users\T590\devsim_project\inverse-device-modeling\tcad\para_sweep\runs\_tmp_work\L400T10\B5e16SD5e19,C:\Users\T590\devsim_project\inverse-device-modeling\tcad\para_sweep\dataset\final_fields\L400T10B5e16SD5e19_final.dat
L400T10,B5e16SD1e20,4.0e-5,1.0e-6,5.0e16,1.0e20,1.0e20,ok,0,169.287,303,C:\Users\T590\devsim_project\inverse-device-modeling\tcad\para_sweep\dataset\L400T10B5e16SD1e20_IdVd.csv,C:\Users\T590\devsim_project\inverse-device-modeling\tcad\para_sweep\dataset\L400T10B5e16SD1e20_IdVg.csv,101,202,C:\Users\T590\devsim_project\inverse-device-modeling\tcad\para_sweep\runs\L400T10\logs\B5e16SD1e20.stdout.log,C:\Users\T590\devsim_project\inverse-device-modeling\tcad\para_sweep\runs\L400T10\logs\B5e16SD1e20.stderr.log,C:\Users\T590\devsim_project\inverse-device-modeling\tcad\para_sweep\runs\_tmp_work\L400T10\B5e16SD1e20,C:\Users\T590\devsim_project\inverse-device-modeling\tcad\para_sweep\dataset\final_fields\L400T10B5e16SD1e20_final.dat
L400T10,B1e17SD1e19,4.0e-5,1.0e-6,1.0e17,1.0e19,1.0e19,failed,1,47.739,101,C:\Users\T590\devsim_project\inverse-device-modeling\tcad\para_sweep\dataset\L400T10B1e17SD1e19_IdVd.csv,C:\Users\T590\devsim_project\inverse-device-modeling\tcad\para_sweep\dataset\L400T10B1e17SD1e19_IdVg.csv,101,0,C:\Users\T590\devsim_project\inverse-device-modeling\tcad\para_sweep\runs\L400T10\logs\B1e17SD1e19.stdout.log,C:\Users\T590\devsim_project\inverse-device-modeling\tcad\para_sweep\runs\L400T10\logs\B1e17SD1e19.stderr.log,C:\Users\T590\devsim_project\inverse-device-modeling\tcad\para_sweep\runs\_tmp_work\L400T10\B1e17SD1e19,.
L400T10,B1e17SD5e19,4.0e-5,1.0e-6,1.0e17,5.0e19,5.0e19,ok,0,245.026,303,C:\Users\T590\devsim_project\inverse-device-modeling\tcad\para_sweep\dataset\L400T10B1e17SD5e19_IdVd.csv,C:\Users\T590\devsim_project\inverse-device-modeling\tcad\para_sweep\dataset\L400T10B1e17SD5e19_IdVg.csv,101,202,C:\Users\T590\devsim_project\inverse-device-modeling\tcad\para_sweep\runs\L400T10\logs\B1e17SD5e19.stdout.log,C:\Users\T590\devsim_project\inverse-device-modeling\tcad\para_sweep\runs\L400T10\logs\B1e17SD5e19.stderr.log,C:\Users\T590\devsim_project\inverse-device-modeling\tcad\para_sweep\runs\_tmp_work\L400T10\B1e17SD5e19,C:\Users\T590\devsim_project\inverse-device-modeling\tcad\para_sweep\dataset\final_fields\L400T10B1e17SD5e19_final.dat
L400T10,B1e17SD1e20,4.0e-5,1.0e-6,1.0e17,1.0e20,1.0e20,ok,0,167.909,303,C:\Users\T590\devsim_project\inverse-device-modeling\tcad\para_sweep\dataset\L400T10B1e17SD1e20_IdVd.csv,C:\Users\T590\devsim_project\inverse-device-modeling\tcad\para_sweep\dataset\L400T10B1e17SD1e20_IdVg.csv,101,202,C:\Users\T590\devsim_project\inverse-device-modeling\tcad\para_sweep\runs\L400T10\logs\B1e17SD1e20.stdout.log,C:\Users\T590\devsim_project\inverse-device-modeling\tcad\para_sweep\runs\L400T10\logs\B1e17SD1e20.stderr.log,C:\Users\T590\devsim_project\inverse-device-modeling\tcad\para_sweep\runs\_tmp_work\L400T10\B1e17SD1e20,C:\Users\T590\devsim_project\inverse-device-modeling\tcad\para_sweep\dataset\final_fields\L400T10B1e17SD1e20_final.dat
L400T20,B1e16SD1e19,4.0e-5,2.0e-6,1.0e16,1.0e19,1.0e19,ok,0,198.413,303,C:\Users\T590\devsim_project\inverse-device-modeling\tcad\para_sweep\dataset\L400T20B1e16SD1e19_IdVd.csv,C:\Users\T590\devsim_project\inverse-device-modeling\tcad\para_sweep\dataset\L400T20B1e16SD1e19_IdVg.csv,101,202,C:\Users\T590\devsim_project\inverse-device-modeling\tcad\para_sweep\runs\L400T20\logs\B1e16SD1e19.stdout.log,C:\Users\T590\devsim_project\inverse-device-modeling\tcad\para_sweep\runs\L400T20\logs\B1e16SD1e19.stderr.log,C:\Users\T590\devsim_project\inverse-device-modeling\tcad\para_sweep\runs\_tmp_work\L400T20\B1e16SD1e19,C:\Users\T590\devsim_project\inverse-device-modeling\tcad\para_sweep\dataset\final_fields\L400T20B1e16SD1e19_final.dat
L400T20,B1e16SD5e19,4.0e-5,2.0e-6,1.0e16,5.0e19,5.0e19,ok,0,166.037,303,C:\Users\T590\devsim_project\inverse-device-modeling\tcad\para_sweep\dataset\L400T20B1e16SD5e19_IdVd.csv,C:\Users\T590\devsim_project\inverse-device-modeling\tcad\para_sweep\dataset\L400T20B1e16SD5e19_IdVg.csv,101,202,C:\Users\T590\devsim_project\inverse-device-modeling\tcad\para_sweep\runs\L400T20\logs\B1e16SD5e19.stdout.log,C:\Users\T590\devsim_project\inverse-device-modeling\tcad\para_sweep\runs\L400T20\logs\B1e16SD5e19.stderr.log,C:\Users\T590\devsim_project\inverse-device-modeling\tcad\para_sweep\runs\_tmp_work\L400T20\B1e16SD5e19,C:\Users\T590\devsim_project\inverse-device-modeling\tcad\para_sweep\dataset\final_fields\L400T20B1e16SD5e19_final.dat
L400T20,B1e16SD1e20,4.0e-5,2.0e-6,1.0e16,1.0e20,1.0e20,ok,0,149.969,303,C:\Users\T590\devsim_project\inverse-device-modeling\tcad\para_sweep\dataset\L400T20B1e16SD1e20_IdVd.csv,C:\Users\T590\devsim_project\inverse-device-modeling\tcad\para_sweep\dataset\L400T20B1e16SD1e20_IdVg.csv,101,202,C:\Users\T590\devsim_project\inverse-device-modeling\tcad\para_sweep\runs\L400T20\logs\B1e16SD1e20.stdout.log,C:\Users\T590\devsim_project\inverse-device-modeling\tcad\para_sweep\runs\L400T20\logs\B1e16SD1e20.stderr.log,C:\Users\T590\devsim_project\inverse-device-modeling\tcad\para_sweep\runs\_tmp_work\L400T20\B1e16SD1e20,C:\Users\T590\devsim_project\inverse-device-modeling\tcad\para_sweep\dataset\final_fields\L400T20B1e16SD1e20_final.dat
L400T20,B5e16SD1e19,4.0e-5,2.0e-6,5.0e16,1.0e19,1.0e19,failed,1,51.968,101,C:\Users\T590\devsim_project\inverse-device-modeling\tcad\para_sweep\dataset\L400T20B5e16SD1e19_IdVd.csv,C:\Users\T590\devsim_project\inverse-device-modeling\tcad\para_sweep\dataset\L400T20B5e16SD1e19_IdVg.csv,101,0,C:\Users\T590\devsim_project\inverse-device-modeling\tcad\para_sweep\runs\L400T20\logs\B5e16SD1e19.stdout.log,C:\Users\T590\devsim_project\inverse-device-modeling\tcad\para_sweep\runs\L400T20\logs\B5e16SD1e19.stderr.log,C:\Users\T590\devsim_project\inverse-device-modeling\tcad\para_sweep\runs\_tmp_work\L400T20\B5e16SD1e19,.
L400T20,B5e16SD5e19,4.0e-5,2.0e-6,5.0e16,5.0e19,5.0e19,failed,1,48.923,101,C:\Users\T590\devsim_project\inverse-device-modeling\tcad\para_sweep\dataset\L400T20B5e16SD5e19_IdVd.csv,C:\Users\T590\devsim_project\inverse-device-modeling\tcad\para_sweep\dataset\L400T20B5e16SD5e19_IdVg.csv,101,0,C:\Users\T590\devsim_project\inverse-device-modeling\tcad\para_sweep\runs\L400T20\logs\B5e16SD5e19.stdout.log,C:\Users\T590\devsim_project\inverse-device-modeling\tcad\para_sweep\runs\L400T20\logs\B5e16SD5e19.stderr.log,C:\Users\T590\devsim_project\inverse-device-modeling\tcad\para_sweep\runs\_tmp_work\L400T20\B5e16SD5e19,.
L400T20,B5e16SD1e20,4.0e-5,2.0e-6,5.0e16,1.0e20,1.0e20,failed,1,50.065,101,C:\Users\T590\devsim_project\inverse-device-modeling\tcad\para_sweep\dataset\L400T20B5e16SD1e20_IdVd.csv,C:\Users\T590\devsim_project\inverse-device-modeling\tcad\para_sweep\dataset\L400T20B5e16SD1e20_IdVg.csv,101,0,C:\Users\T590\devsim_project\inverse-device-modeling\tcad\para_sweep\runs\L400T20\logs\B5e16SD1e20.stdout.log,C:\Users\T590\devsim_project\inverse-device-modeling\tcad\para_sweep\runs\L400T20\logs\B5e16SD1e20.stderr.log,C:\Users\T590\devsim_project\inverse-device-modeling\tcad\para_sweep\runs\_tmp_work\L400T20\B5e16SD1e20,.
L400T20,B1e17SD1e19,4.0e-5,2.0e-6,1.0e17,1.0e19,1.0e19,failed,1,54.358,101,C:\Users\T590\devsim_project\inverse-device-modeling\tcad\para_sweep\dataset\L400T20B1e17SD1e19_IdVd.csv,C:\Users\T590\devsim_project\inverse-device-modeling\tcad\para_sweep\dataset\L400T20B1e17SD1e19_IdVg.csv,101,0,C:\Users\T590\devsim_project\inverse-device-modeling\tcad\para_sweep\runs\L400T20\logs\B1e17SD1e19.stdout.log,C:\Users\T590\devsim_project\inverse-device-modeling\tcad\para_sweep\runs\L400T20\logs\B1e17SD1e19.stderr.log,C:\Users\T590\devsim_project\inverse-device-modeling\tcad\para_sweep\runs\_tmp_work\L400T20\B1e17SD1e19,.
L400T20,B1e17SD5e19,4.0e-5,2.0e-6,1.0e17,5.0e19,5.0e19,ok,0,160.029,303,C:\Users\T590\devsim_project\inverse-device-modeling\tcad\para_sweep\dataset\L400T20B1e17SD5e19_IdVd.csv,C:\Users\T590\devsim_project\inverse-device-modeling\tcad\para_sweep\dataset\L400T20B1e17SD5e19_IdVg.csv,101,202,C:\Users\T590\devsim_project\inverse-device-modeling\tcad\para_sweep\runs\L400T20\logs\B1e17SD5e19.stdout.log,C:\Users\T590\devsim_project\inverse-device-modeling\tcad\para_sweep\runs\L400T20\logs\B1e17SD5e19.stderr.log,C:\Users\T590\devsim_project\inverse-device-modeling\tcad\para_sweep\runs\_tmp_work\L400T20\B1e17SD5e19,C:\Users\T590\devsim_project\inverse-device-modeling\tcad\para_sweep\dataset\final_fields\L400T20B1e17SD5e19_final.dat
L400T20,B1e17SD1e20,4.0e-5,2.0e-6,1.0e17,1.0e20,1.0e20,ok,0,191.944,303,C:\Users\T590\devsim_project\inverse-device-modeling\tcad\para_sweep\dataset\L400T20B1e17SD1e20_IdVd.csv,C:\Users\T590\devsim_project\inverse-device-modeling\tcad\para_sweep\dataset\L400T20B1e17SD1e20_IdVg.csv,101,202,C:\Users\T590\devsim_project\inverse-device-modeling\tcad\para_sweep\runs\L400T20\logs\B1e17SD1e20.stdout.log,C:\Users\T590\devsim_project\inverse-device-modeling\tcad\para_sweep\runs\L400T20\logs\B1e17SD1e20.stderr.log,C:\Users\T590\devsim_project\inverse-device-modeling\tcad\para_sweep\runs\_tmp_work\L400T20\B1e17SD1e20,C:\Users\T590\devsim_project\inverse-device-modeling\tcad\para_sweep\dataset\final_fields\L400T20B1e17SD1e20_final.dat
L400T30,B1e16SD1e19,4.0e-5,3.0e-6,1.0e16,1.0e19,1.0e19,ok,0,175.994,303,C:\Users\T590\devsim_project\inverse-device-modeling\tcad\para_sweep\dataset\L400T30B1e16SD1e19_IdVd.csv,C:\Users\T590\devsim_project\inverse-device-modeling\tcad\para_sweep\dataset\L400T30B1e16SD1e19_IdVg.csv,101,202,C:\Users\T590\devsim_project\inverse-device-modeling\tcad\para_sweep\runs\L400T30\logs\B1e16SD1e19.stdout.log,C:\Users\T590\devsim_project\inverse-device-modeling\tcad\para_sweep\runs\L400T30\logs\B1e16SD1e19.stderr.log,C:\Users\T590\devsim_project\inverse-device-modeling\tcad\para_sweep\runs\_tmp_work\L400T30\B1e16SD1e19,C:\Users\T590\devsim_project\inverse-device-modeling\tcad\para_sweep\dataset\final_fields\L400T30B1e16SD1e19_final.dat
L400T30,B1e16SD5e19,4.0e-5,3.0e-6,1.0e16,5.0e19,5.0e19,ok,0,147.890,303,C:\Users\T590\devsim_project\inverse-device-modeling\tcad\para_sweep\dataset\L400T30B1e16SD5e19_IdVd.csv,C:\Users\T590\devsim_project\inverse-device-modeling\tcad\para_sweep\dataset\L400T30B1e16SD5e19_IdVg.csv,101,202,C:\Users\T590\devsim_project\inverse-device-modeling\tcad\para_sweep\runs\L400T30\logs\B1e16SD5e19.stdout.log,C:\Users\T590\devsim_project\inverse-device-modeling\tcad\para_sweep\runs\L400T30\logs\B1e16SD5e19.stderr.log,C:\Users\T590\devsim_project\inverse-device-modeling\tcad\para_sweep\runs\_tmp_work\L400T30\B1e16SD5e19,C:\Users\T590\devsim_project\inverse-device-modeling\tcad\para_sweep\dataset\final_fields\L400T30B1e16SD5e19_final.dat
L400T30,B1e16SD1e20,4.0e-5,3.0e-6,1.0e16,1.0e20,1.0e20,ok,0,163.905,303,C:\Users\T590\devsim_project\inverse-device-modeling\tcad\para_sweep\dataset\L400T30B1e16SD1e20_IdVd.csv,C:\Users\T590\devsim_project\inverse-device-modeling\tcad\para_sweep\dataset\L400T30B1e16SD1e20_IdVg.csv,101,202,C:\Users\T590\devsim_project\inverse-device-modeling\tcad\para_sweep\runs\L400T30\logs\B1e16SD1e20.stdout.log,C:\Users\T590\devsim_project\inverse-device-modeling\tcad\para_sweep\runs\L400T30\logs\B1e16SD1e20.stderr.log,C:\Users\T590\devsim_project\inverse-device-modeling\tcad\para_sweep\runs\_tmp_work\L400T30\B1e16SD1e20,C:\Users\T590\devsim_project\inverse-device-modeling\tcad\para_sweep\dataset\final_fields\L400T30B1e16SD1e20_final.dat
L400T30,B5e16SD1e19,4.0e-5,3.0e-6,5.0e16,1.0e19,1.0e19,failed,1,49.969,101,C:\Users\T590\devsim_project\inverse-device-modeling\tcad\para_sweep\dataset\L400T30B5e16SD1e19_IdVd.csv,C:\Users\T590\devsim_project\inverse-device-modeling\tcad\para_sweep\dataset\L400T30B5e16SD1e19_IdVg.csv,101,0,C:\Users\T590\devsim_project\inverse-device-modeling\tcad\para_sweep\runs\L400T30\logs\B5e16SD1e19.stdout.log,C:\Users\T590\devsim_project\inverse-device-modeling\tcad\para_sweep\runs\L400T30\logs\B5e16SD1e19.stderr.log,C:\Users\T590\devsim_project\inverse-device-modeling\tcad\para_sweep\runs\_tmp_work\L400T30\B5e16SD1e19,.
L400T30,B5e16SD5e19,4.0e-5,3.0e-6,5.0e16,5.0e19,5.0e19,failed,1,53.943,101,C:\Users\T590\devsim_project\inverse-device-modeling\tcad\para_sweep\dataset\L400T30B5e16SD5e19_IdVd.csv,C:\Users\T590\devsim_project\inverse-device-modeling\tcad\para_sweep\dataset\L400T30B5e16SD5e19_IdVg.csv,101,0,C:\Users\T590\devsim_project\inverse-device-modeling\tcad\para_sweep\runs\L400T30\logs\B5e16SD5e19.stdout.log,C:\Users\T590\devsim_project\inverse-device-modeling\tcad\para_sweep\runs\L400T30\logs\B5e16SD5e19.stderr.log,C:\Users\T590\devsim_project\inverse-device-modeling\tcad\para_sweep\runs\_tmp_work\L400T30\B5e16SD5e19,.
L400T30,B5e16SD1e20,4.0e-5,3.0e-6,5.0e16,1.0e20,1.0e20,failed,1,50.396,101,C:\Users\T590\devsim_project\inverse-device-modeling\tcad\para_sweep\dataset\L400T30B5e16SD1e20_IdVd.csv,C:\Users\T590\devsim_project\inverse-device-modeling\tcad\para_sweep\dataset\L400T30B5e16SD1e20_IdVg.csv,101,0,C:\Users\T590\devsim_project\inverse-device-modeling\tcad\para_sweep\runs\L400T30\logs\B5e16SD1e20.stdout.log,C:\Users\T590\devsim_project\inverse-device-modeling\tcad\para_sweep\runs\L400T30\logs\B5e16SD1e20.stderr.log,C:\Users\T590\devsim_project\inverse-device-modeling\tcad\para_sweep\runs\_tmp_work\L400T30\B5e16SD1e20,.
L400T30,B1e17SD1e19,4.0e-5,3.0e-6,1.0e17,1.0e19,1.0e19,failed,1,51.054,101,C:\Users\T590\devsim_project\inverse-device-modeling\tcad\para_sweep\dataset\L400T30B1e17SD1e19_IdVd.csv,C:\Users\T590\devsim_project\inverse-device-modeling\tcad\para_sweep\dataset\L400T30B1e17SD1e19_IdVg.csv,101,0,C:\Users\T590\devsim_project\inverse-device-modeling\tcad\para_sweep\runs\L400T30\logs\B1e17SD1e19.stdout.log,C:\Users\T590\devsim_project\inverse-device-modeling\tcad\para_sweep\runs\L400T30\logs\B1e17SD1e19.stderr.log,C:\Users\T590\devsim_project\inverse-device-modeling\tcad\para_sweep\runs\_tmp_work\L400T30\B1e17SD1e19,.
L400T30,B1e17SD5e19,4.0e-5,3.0e-6,1.0e17,5.0e19,5.0e19,ok,0,219.998,377,C:\Users\T590\devsim_project\inverse-device-modeling\tcad\para_sweep\dataset\L400T30B1e17SD5e19_IdVd.csv,C:\Users\T590\devsim_project\inverse-device-modeling\tcad\para_sweep\dataset\L400T30B1e17SD5e19_IdVg.csv,101,276,C:\Users\T590\devsim_project\inverse-device-modeling\tcad\para_sweep\runs\L400T30\logs\B1e17SD5e19.stdout.log,C:\Users\T590\devsim_project\inverse-device-modeling\tcad\para_sweep\runs\L400T30\logs\B1e17SD5e19.stderr.log,C:\Users\T590\devsim_project\inverse-device-modeling\tcad\para_sweep\runs\_tmp_work\L400T30\B1e17SD5e19,C:\Users\T590\devsim_project\inverse-device-modeling\tcad\para_sweep\dataset\final_fields\L400T30B1e17SD5e19_final.dat
L400T30,B1e17SD1e20,4.0e-5,3.0e-6,1.0e17,1.0e20,1.0e20,failed,1,754.214,1504,C:\Users\T590\devsim_project\inverse-device-modeling\tcad\para_sweep\dataset\L400T30B1e17SD1e20_IdVd.csv,C:\Users\T590\devsim_project\inverse-device-modeling\tcad\para_sweep\dataset\L400T30B1e17SD1e20_IdVg.csv,120,1384,C:\Users\T590\devsim_project\inverse-device-modeling\tcad\para_sweep\runs\L400T30\logs\B1e17SD1e20.stdout.log,C:\Users\T590\devsim_project\inverse-device-modeling\tcad\para_sweep\runs\L400T30\logs\B1e17SD1e20.stderr.log,C:\Users\T590\devsim_project\inverse-device-modeling\tcad\para_sweep\runs\_tmp_work\L400T30\B1e17SD1e20,.
